<?xml version="1.0" encoding="UTF-8"?>
<!DOCTYPE suite SYSTEM "http://testng.org/testng-1.0.dtd">
<suite name="FREE CRM appliation test Automation Test Suite">

	<listeners>
		<listener class-name="com.digiCRMTest.autoqa.ExtentReportListener.ExtentReporterNG" />
	</listeners>
		
	<test name="Free CRM App Test Cases">
		<classes>
			<class name="com.digiCRMTest.autoqa.testcases.HomePageTest"></class>
			<class name="com.digiCRMTest.autoqa.testcases.LoginPageTest"></class>
			<class name="com.digiCRMTest.autoqa.testcases.PasswordResetPageTest"></class>
			<class name="com.digiCRMTest.autoqa.testcases.UserLandingPageTest"></class>
			<class name="com.digiCRMTest.autoqa.testcases.ContactsPageTest"></class>
		</classes>
	</test>
	</suite>
		
